Date;Region;Population;Tests;Confirmed;Deaths;Recovered
2020-01-22;Asia;3957174086;;554;17;28
2020-01-22;C. Europe;64296279;;0;0;0
2020-01-22;Carribean;21775009;;0;0;0
2020-01-22;Common Wealth;135529136;;0;0;0
2020-01-22;E. Europe;324658565;;0;0;0
2020-01-22;Israel;9166920;;0;0;0
2020-01-22;Latin America;575907654;;0;0;0
2020-01-22;Middle East, North Africa;532839714;;0;0;0
2020-01-22;Subsaharan Africa;798663011;;0;0;0
2020-01-22;USA;329379809;24;1;0;0
2020-01-22;W. Europe;359687692;;0;0;0
2020-01-23;Asia;3957174086;;652;18;30
2020-01-23;C. Europe;64296279;;0;0;0
2020-01-23;Carribean;21775009;;0;0;0
2020-01-23;Common Wealth;135529136;;0;0;0
2020-01-23;E. Europe;324658565;;0;0;0
2020-01-23;Israel;9166920;;0;0;0
2020-01-23;Latin America;575907654;;0;0;0
2020-01-23;Middle East, North Africa;532839714;;0;0;0
2020-01-23;Subsaharan Africa;798663011;;0;0;0
2020-01-23;USA;329379809;60;1;0;0
2020-01-23;W. Europe;359687692;;0;0;0
2020-01-24;Asia;3957174086;;937;26;36
2020-01-24;C. Europe;64296279;;0;0;0
2020-01-24;Carribean;21775009;;0;0;0
2020-01-24;Common Wealth;135529136;;0;0;0
2020-01-24;E. Europe;324658565;;0;0;0
2020-01-24;Israel;9166920;;0;0;0
2020-01-24;Latin America;575907654;;0;0;0
2020-01-24;Middle East, North Africa;532839714;;0;0;0
2020-01-24;Subsaharan Africa;798663011;;0;0;0
2020-01-24;USA;329379809;113;2;0;0
2020-01-24;W. Europe;359687692;;2;0;0
2020-01-25;Asia;3957174086;;1428;42;39
2020-01-25;C. Europe;64296279;;0;0;0
2020-01-25;Carribean;21775009;;0;0;0
2020-01-25;Common Wealth;135529136;;0;0;0
2020-01-25;E. Europe;324658565;;0;0;0
2020-01-25;Israel;9166920;;0;0;0
2020-01-25;Latin America;575907654;;0;0;0
2020-01-25;Middle East, North Africa;532839714;;1;0;0
2020-01-25;Subsaharan Africa;798663011;;0;0;0
2020-01-25;USA;329379809;214;2;0;0
2020-01-25;W. Europe;359687692;;3;0;0
2020-01-26;Asia;3957174086;;2104;56;52
2020-01-26;C. Europe;64296279;;0;0;0
2020-01-26;Carribean;21775009;;0;0;0
2020-01-26;Common Wealth;135529136;;5;0;0
2020-01-26;E. Europe;324658565;;0;0;0
2020-01-26;Israel;9166920;;0;0;0
2020-01-26;Latin America;575907654;;0;0;0
2020-01-26;Middle East, North Africa;532839714;;1;0;0
2020-01-26;Subsaharan Africa;798663011;;0;0;0
2020-01-26;USA;329379809;293;5;0;0
2020-01-26;W. Europe;359687692;;3;0;0
2020-01-27;Asia;3957174086;;2911;82;61
2020-01-27;C. Europe;64296279;20;0;0;0
2020-01-27;Carribean;21775009;;0;0;0
2020-01-27;Common Wealth;135529136;;6;0;0
2020-01-27;E. Europe;324658565;;0;0;0
2020-01-27;Israel;9166920;;0;0;0
2020-01-27;Latin America;575907654;;0;0;0
2020-01-27;Middle East, North Africa;532839714;;1;0;0
2020-01-27;Subsaharan Africa;798663011;;0;0;0
2020-01-27;USA;329379809;370;5;0;0
2020-01-27;W. Europe;359687692;;4;0;0
2020-01-28;Asia;3957174086;;5557;131;107
2020-01-28;C. Europe;64296279;28;0;0;0
2020-01-28;Carribean;21775009;;0;0;0
2020-01-28;Common Wealth;135529136;;7;0;0
2020-01-28;E. Europe;324658565;;0;0;0
2020-01-28;Israel;9166920;;0;0;0
2020-01-28;Latin America;575907654;;0;0;0
2020-01-28;Middle East, North Africa;532839714;;1;0;0
2020-01-28;Subsaharan Africa;798663011;;0;0;0
2020-01-28;USA;329379809;435;5;0;0
2020-01-28;W. Europe;359687692;;8;0;0
2020-01-29;Asia;3957174086;;6138;133;126
2020-01-29;C. Europe;64296279;33;0;0;0
2020-01-29;Carribean;21775009;;0;0;0
2020-01-29;Common Wealth;135529136;;8;0;0
2020-01-29;E. Europe;324658565;;0;0;0
2020-01-29;Israel;9166920;;0;0;0
2020-01-29;Latin America;575907654;;0;0;0
2020-01-29;Middle East, North Africa;532839714;;5;0;0
2020-01-29;Subsaharan Africa;798663011;;0;0;0
2020-01-29;USA;329379809;537;5;0;0
2020-01-29;W. Europe;359687692;;10;0;0
2020-01-30;Asia;3957174086;571;8203;171;141
2020-01-30;C. Europe;64296279;34;0;0;0
2020-01-30;Carribean;21775009;;0;0;0
2020-01-30;Common Wealth;135529136;161;11;0;2
2020-01-30;E. Europe;324658565;;0;0;0
2020-01-30;Israel;9166920;;0;0;0
2020-01-30;Latin America;575907654;;0;0;0
2020-01-30;Middle East, North Africa;532839714;;5;0;0
2020-01-30;Subsaharan Africa;798663011;;0;0;0
2020-01-30;USA;329379809;793;5;0;0
2020-01-30;W. Europe;359687692;;10;0;0
2020-01-31;Asia;3957174086;;9884;213;220
2020-01-31;C. Europe;64296279;37;0;0;0
2020-01-31;Carribean;21775009;;0;0;0
2020-01-31;Common Wealth;135529136;177;15;0;2
2020-01-31;E. Europe;324658565;;2;0;0
2020-01-31;Israel;9166920;;0;0;0
2020-01-31;Latin America;575907654;;0;0;0
2020-01-31;Middle East, North Africa;532839714;;5;0;0
2020-01-31;Subsaharan Africa;798663011;;0;0;0
2020-01-31;USA;329379809;856;7;0;0
2020-01-31;W. Europe;359687692;;14;0;0
2020-02-01;Asia;3957174086;;11986;259;282
2020-02-01;C. Europe;64296279;38;0;0;0
2020-02-01;Carribean;21775009;;0;0;0
2020-02-01;Common Wealth;135529136;203;18;0;2
2020-02-01;E. Europe;324658565;;2;0;0
2020-02-01;Israel;9166920;;0;0;0
2020-02-01;Latin America;575907654;;0;0;0
2020-02-01;Middle East, North Africa;532839714;;5;0;0
2020-02-01;Subsaharan Africa;798663011;;0;0;0
2020-02-01;USA;329379809;1166;8;0;0
2020-02-01;W. Europe;359687692;;19;0;0
2020-02-02;Asia;3957174086;;16732;362;470
2020-02-02;C. Europe;64296279;43;0;0;0
2020-02-02;Carribean;21775009;;0;0;0
2020-02-02;Common Wealth;135529136;266;18;0;2
2020-02-02;E. Europe;324658565;;2;0;0
2020-02-02;Israel;9166920;;0;0;0
2020-02-02;Latin America;575907654;;0;0;0
2020-02-02;Middle East, North Africa;532839714;;6;0;0
2020-02-02;Subsaharan Africa;798663011;;0;0;0
2020-02-02;USA;329379809;1199;8;0;0
2020-02-02;W. Europe;359687692;;21;0;0
2020-02-03;Asia;3957174086;;19821;426;621
2020-02-03;C. Europe;64296279;48;0;0;0
2020-02-03;Carribean;21775009;;0;0;0
2020-02-03;Common Wealth;135529136;326;18;0;2
2020-02-03;E. Europe;324658565;;2;0;0
2020-02-03;Israel;9166920;;0;0;0
2020-02-03;Latin America;575907654;;0;0;0
2020-02-03;Middle East, North Africa;532839714;;6;0;0
2020-02-03;Subsaharan Africa;798663011;;0;0;0
2020-02-03;USA;329379809;1330;11;0;0
2020-02-03;W. Europe;359687692;;23;0;0
2020-02-04;Asia;3957174086;;23830;492;850
2020-02-04;C. Europe;64296279;53;0;0;0
2020-02-04;Carribean;21775009;;0;0;0
2020-02-04;Common Wealth;135529136;416;19;0;2
2020-02-04;E. Europe;324658565;;2;0;0
2020-02-04;Israel;9166920;;0;0;0
2020-02-04;Latin America;575907654;;0;0;0
2020-02-04;Middle East, North Africa;532839714;;6;0;0
2020-02-04;Subsaharan Africa;798663011;;0;0;0
2020-02-04;USA;329379809;1423;11;0;0
2020-02-04;W. Europe;359687692;;24;0;0
2020-02-05;Asia;3957174086;;27572;564;1122
2020-02-05;C. Europe;64296279;53;0;0;0
2020-02-05;Carribean;21775009;;0;0;0
2020-02-05;Common Wealth;135529136;468;20;0;2
2020-02-05;E. Europe;324658565;;2;0;0
2020-02-05;Israel;9166920;;0;0;0
2020-02-05;Latin America;575907654;;0;0;0
2020-02-05;Middle East, North Africa;532839714;;6;0;0
2020-02-05;Subsaharan Africa;798663011;;0;0;0
2020-02-05;USA;329379809;1528;11;0;0
2020-02-05;W. Europe;359687692;;24;0;0
2020-02-06;Asia;3957174086;;30753;634;1485
2020-02-06;C. Europe;64296279;56;0;0;0
2020-02-06;Carribean;21775009;;0;0;0
2020-02-06;Common Wealth;135529136;566;21;0;2
2020-02-06;E. Europe;324658565;;2;0;0
2020-02-06;Israel;9166920;;0;0;0
2020-02-06;Latin America;575907654;;0;0;0
2020-02-06;Middle East, North Africa;532839714;;6;0;0
2020-02-06;Subsaharan Africa;798663011;;0;0;0
2020-02-06;USA;329379809;1603;11;0;0
2020-02-06;W. Europe;359687692;;24;0;0
2020-02-07;Asia;3957174086;1701;34260;719;2009
2020-02-07;C. Europe;64296279;62;0;0;0
2020-02-07;Carribean;21775009;;0;0;0
2020-02-07;Common Wealth;135529136;620;25;0;2
2020-02-07;E. Europe;324658565;;2;0;0
2020-02-07;Israel;9166920;;0;0;0
2020-02-07;Latin America;575907654;;0;0;0
2020-02-07;Middle East, North Africa;532839714;;6;0;0
2020-02-07;Subsaharan Africa;798663011;;0;0;0
2020-02-07;USA;329379809;1696;11;0;0
2020-02-07;W. Europe;359687692;;26;0;0
2020-02-08;Asia;3957174086;2598;36982;806;2614
2020-02-08;C. Europe;64296279;62;0;0;0
2020-02-08;Carribean;21775009;;0;0;0
2020-02-08;Common Wealth;135529136;686;25;0;2
2020-02-08;E. Europe;324658565;;2;0;0
2020-02-08;Israel;9166920;;0;0;0
2020-02-08;Latin America;575907654;;0;0;0
2020-02-08;Middle East, North Africa;532839714;;8;0;0
2020-02-08;Subsaharan Africa;798663011;;0;0;0
2020-02-08;USA;329379809;1775;11;0;0
2020-02-08;W. Europe;359687692;;31;0;0
2020-02-09;Asia;3957174086;2776;40007;906;3239
2020-02-09;C. Europe;64296279;64;0;0;0
2020-02-09;Carribean;21775009;;0;0;0
2020-02-09;Common Wealth;135529136;795;25;0;2
2020-02-09;E. Europe;324658565;;2;0;0
2020-02-09;Israel;9166920;;0;0;0
2020-02-09;Latin America;575907654;;0;0;0
2020-02-09;Middle East, North Africa;532839714;;8;0;0
2020-02-09;Subsaharan Africa;798663011;;0;0;0
2020-02-09;USA;329379809;1813;11;0;3
2020-02-09;W. Europe;359687692;;33;0;0
2020-02-10;Asia;3957174086;3629;42542;1013;3941
2020-02-10;C. Europe;64296279;72;0;0;0
2020-02-10;Carribean;21775009;;0;0;0
2020-02-10;Common Wealth;135529136;1114;30;0;2
2020-02-10;E. Europe;324658565;;2;0;0
2020-02-10;Israel;9166920;;0;0;0
2020-02-10;Latin America;575907654;;0;0;0
2020-02-10;Middle East, North Africa;532839714;;9;0;0
2020-02-10;Subsaharan Africa;798663011;;0;0;0
2020-02-10;USA;329379809;1850;11;0;3
2020-02-10;W. Europe;359687692;;33;0;0
2020-02-11;Asia;3957174086;5074;44579;1113;4678
2020-02-11;C. Europe;64296279;74;0;0;0
2020-02-11;Carribean;21775009;;0;0;0
2020-02-11;Common Wealth;135529136;1358;30;0;2
2020-02-11;E. Europe;324658565;;2;0;0
2020-02-11;Israel;9166920;;0;0;0
2020-02-11;Latin America;575907654;;0;0;0
2020-02-11;Middle East, North Africa;532839714;;9;0;0
2020-02-11;Subsaharan Africa;798663011;;0;0;0
2020-02-11;USA;329379809;1945;12;0;3
2020-02-11;W. Europe;359687692;;35;0;0
2020-02-12;Asia;3957174086;5797;44957;1118;5136
2020-02-12;C. Europe;64296279;75;0;0;0
2020-02-12;Carribean;21775009;;0;0;0
2020-02-12;Common Wealth;135529136;1758;31;0;4
2020-02-12;E. Europe;324658565;;2;0;2
2020-02-12;Israel;9166920;;0;0;0
2020-02-12;Latin America;575907654;;0;0;0
2020-02-12;Middle East, North Africa;532839714;;9;0;2
2020-02-12;Subsaharan Africa;798663011;;0;0;0
2020-02-12;USA;329379809;2001;12;0;3
2020-02-12;W. Europe;359687692;;35;0;3
2020-02-13;Asia;3957174086;6854;60103;1371;6274
2020-02-13;C. Europe;64296279;76;0;0;0
2020-02-13;Carribean;21775009;;0;0;0
2020-02-13;Common Wealth;135529136;2521;31;0;10
2020-02-13;E. Europe;324658565;;2;0;2
2020-02-13;Israel;9166920;;0;0;0
2020-02-13;Latin America;575907654;;0;0;0
2020-02-13;Middle East, North Africa;532839714;;9;0;2
2020-02-13;Subsaharan Africa;798663011;;0;0;0
2020-02-13;USA;329379809;2048;13;0;3
2020-02-13;W. Europe;359687692;;35;0;4
2020-02-14;Asia;3957174086;7519;66576;1523;8037
2020-02-14;C. Europe;64296279;76;0;0;0
2020-02-14;Carribean;21775009;;0;0;0
2020-02-14;Common Wealth;135529136;2964;31;0;10
2020-02-14;E. Europe;324658565;;2;0;2
2020-02-14;Israel;9166920;;0;0;0
2020-02-14;Latin America;575907654;;0;0;0
2020-02-14;Middle East, North Africa;532839714;;10;0;2
2020-02-14;Subsaharan Africa;798663011;;0;0;0
2020-02-14;USA;329379809;2088;13;0;3
2020-02-14;W. Europe;359687692;;35;0;4
2020-02-15;Asia;3957174086;7919;68653;1665;9368
2020-02-15;C. Europe;64296279;77;0;0;0
2020-02-15;Carribean;21775009;;0;0;0
2020-02-15;Common Wealth;135529136;2992;31;0;10
2020-02-15;E. Europe;324658565;;2;0;2
2020-02-15;Israel;9166920;;0;0;0
2020-02-15;Latin America;575907654;;0;0;0
2020-02-15;Middle East, North Africa;532839714;;10;0;4
2020-02-15;Subsaharan Africa;798663011;;0;0;0
2020-02-15;USA;329379809;2142;13;0;3
2020-02-15;W. Europe;359687692;;36;1;8
2020-02-16;Asia;3957174086;8171;70776;1769;10830
2020-02-16;C. Europe;64296279;78;0;0;0
2020-02-16;Carribean;21775009;;0;0;0
2020-02-16;Common Wealth;135529136;3109;31;0;17
2020-02-16;E. Europe;324658565;;2;0;2
2020-02-16;Israel;9166920;;0;0;0
2020-02-16;Latin America;575907654;;0;0;0
2020-02-16;Middle East, North Africa;532839714;;11;0;5
2020-02-16;Subsaharan Africa;798663011;;0;0;0
2020-02-16;USA;329379809;2166;13;0;3
2020-02-16;W. Europe;359687692;;36;1;8
2020-02-17;Asia;3957174086;9265;72710;1867;12545
2020-02-17;C. Europe;64296279;80;0;0;0
2020-02-17;Carribean;21775009;;0;0;0
2020-02-17;Common Wealth;135529136;4501;32;0;19
2020-02-17;E. Europe;324658565;;2;0;2
2020-02-17;Israel;9166920;;0;0;0
2020-02-17;Latin America;575907654;;0;0;0
2020-02-17;Middle East, North Africa;532839714;;11;0;5
2020-02-17;Subsaharan Africa;798663011;;0;0;0
2020-02-17;USA;329379809;2199;13;0;3
2020-02-17;W. Europe;359687692;;36;1;9
2020-02-18;Asia;3957174086;10411;74500;2006;14303
2020-02-18;C. Europe;64296279;80;0;0;0
2020-02-18;Carribean;21775009;;0;0;0
2020-02-18;Common Wealth;135529136;4916;32;0;19
2020-02-18;E. Europe;324658565;;2;0;2
2020-02-18;Israel;9166920;;0;0;0
2020-02-18;Latin America;575907654;;0;0;0
2020-02-18;Middle East, North Africa;532839714;;11;0;5
2020-02-18;Subsaharan Africa;798663011;;0;0;0
2020-02-18;USA;329379809;2234;13;0;3
2020-02-18;W. Europe;359687692;;36;1;20
2020-02-19;Asia;3957174086;12161;74922;2119;16071
2020-02-19;C. Europe;64296279;82;0;0;0
2020-02-19;Carribean;21775009;;0;0;0
2020-02-19;Common Wealth;135529136;5216;32;0;19
2020-02-19;E. Europe;324658565;;2;0;2
2020-02-19;Israel;9166920;;0;0;0
2020-02-19;Latin America;575907654;;0;0;0
2020-02-19;Middle East, North Africa;532839714;;13;2;5
2020-02-19;Subsaharan Africa;798663011;;0;0;0
2020-02-19;USA;329379809;2300;13;0;3
2020-02-19;W. Europe;359687692;;36;1;20
2020-02-20;Asia;3957174086;14816;75464;2242;18127
2020-02-20;C. Europe;64296279;82;0;0;0
2020-02-20;Carribean;21775009;;0;0;0
2020-02-20;Common Wealth;135529136;5549;32;0;19
2020-02-20;E. Europe;324658565;;2;0;2
2020-02-20;Israel;9166920;;0;0;0
2020-02-20;Latin America;575907654;;0;0;0
2020-02-20;Middle East, North Africa;532839714;;16;2;5
2020-02-20;Subsaharan Africa;798663011;;0;0;0
2020-02-20;USA;329379809;2355;13;0;3
2020-02-20;W. Europe;359687692;;36;1;20
2020-02-21;Asia;3957174086;19621;76051;2243;18833
2020-02-21;C. Europe;64296279;82;0;0;0
2020-02-21;Carribean;21775009;;0;0;0
2020-02-21;Common Wealth;135529136;5885;33;0;22
2020-02-21;E. Europe;324658565;;2;0;2
2020-02-21;Israel;9166920;;1;0;0
2020-02-21;Latin America;575907654;;0;0;0
2020-02-21;Middle East, North Africa;532839714;;30;4;5
2020-02-21;Subsaharan Africa;798663011;;0;0;0
2020-02-21;USA;329379809;2607;15;0;5
2020-02-21;W. Europe;359687692;;53;2;22
2020-02-22;Asia;3957174086;22633;77748;2448;22828
2020-02-22;C. Europe;64296279;83;0;0;0
2020-02-22;Carribean;21775009;;0;0;0
2020-02-22;Common Wealth;135529136;6152;33;0;22
2020-02-22;E. Europe;324658565;;2;0;2
2020-02-22;Israel;9166920;;1;0;0
2020-02-22;Latin America;575907654;;0;0;0
2020-02-22;Middle East, North Africa;532839714;;44;5;5
2020-02-22;Subsaharan Africa;798663011;;0;0;0
2020-02-22;USA;329379809;2865;15;0;5
2020-02-22;W. Europe;359687692;;95;3;23
2020-02-23;Asia;3957174086;28615;77969;2454;23336
2020-02-23;C. Europe;64296279;86;0;0;0
2020-02-23;Carribean;21775009;;0;0;0
2020-02-23;Common Wealth;135529136;6324;33;0;22
2020-02-23;E. Europe;324658565;;2;0;2
2020-02-23;Israel;9166920;;1;0;0
2020-02-23;Latin America;575907654;;0;0;0
2020-02-23;Middle East, North Africa;532839714;;59;8;5
2020-02-23;Subsaharan Africa;798663011;;0;0;0
2020-02-23;USA;329379809;2934;15;0;5
2020-02-23;W. Europe;359687692;;188;4;24
2020-02-24;Asia;3957174086;36716;78433;2606;25170
2020-02-24;C. Europe;64296279;98;0;0;0
2020-02-24;Carribean;21775009;;0;0;0
2020-02-24;Common Wealth;135529136;6536;38;0;22
2020-02-24;E. Europe;324658565;;2;0;2
2020-02-24;Israel;9166920;;1;0;0
2020-02-24;Latin America;575907654;;0;0;0
2020-02-24;Middle East, North Africa;532839714;;83;12;5
2020-02-24;Subsaharan Africa;798663011;;0;0;0
2020-02-24;USA;329379809;2998;15;0;5
2020-02-24;W. Europe;359687692;;262;8;23
2020-02-25;Asia;3957174086;46127;79106;2678;27840
2020-02-25;C. Europe;64296279;112;0;0;0
2020-02-25;Carribean;21775009;;0;0;0
2020-02-25;Common Wealth;135529136;6795;39;0;22
2020-02-25;E. Europe;324658565;;3;0;2
2020-02-25;Israel;9166920;;1;0;0
2020-02-25;Latin America;575907654;;0;0;0
2020-02-25;Middle East, North Africa;532839714;;150;16;5
2020-02-25;Subsaharan Africa;798663011;;0;0;0
2020-02-25;USA;329379809;3060;15;0;6
2020-02-25;W. Europe;359687692;218;365;11;30
2020-02-26;Asia;3957174086;57990;79829;2733;30257
2020-02-26;C. Europe;64296279;135;0;0;0
2020-02-26;Carribean;21775009;;0;0;0
2020-02-26;Common Wealth;135529136;7132;39;0;22
2020-02-26;E. Europe;324658565;;8;0;2
2020-02-26;Israel;9166920;;2;0;0
2020-02-26;Latin America;575907654;;1;0;0
2020-02-26;Middle East, North Africa;532839714;;226;19;54
2020-02-26;Subsaharan Africa;798663011;;0;0;0
2020-02-26;USA;329379809;3165;15;0;6
2020-02-26;W. Europe;359687692;10545;521;14;33
2020-02-27;Asia;3957174086;70940;80794;2765;33103
2020-02-27;C. Europe;64296279;170;0;0;0
2020-02-27;Carribean;21775009;;0;0;0
2020-02-27;Common Wealth;135529136;7690;43;0;25
2020-02-27;E. Europe;324658565;;9;0;2
2020-02-27;Israel;9166920;;3;0;1
2020-02-27;Latin America;575907654;;1;0;0
2020-02-27;Middle East, North Africa;532839714;;351;26;54
2020-02-27;Subsaharan Africa;798663011;;0;0;0
2020-02-27;USA;329379809;3350;16;0;6
2020-02-27;W. Europe;359687692;1336;782;19;76
2020-02-28;Asia;3957174086;85693;81710;2809;36509
2020-02-28;C. Europe;64296279;193;0;0;0
2020-02-28;Carribean;21775009;;0;0;0
2020-02-28;Common Wealth;135529136;8986;50;0;25
2020-02-28;E. Europe;324658565;;15;0;2
2020-02-28;Israel;9166920;;4;0;1
2020-02-28;Latin America;575907654;;2;0;0
2020-02-28;Middle East, North Africa;532839714;;505;34;80
2020-02-28;Subsaharan Africa;798663011;;1;0;0
2020-02-28;USA;329379809;3588;16;0;7
2020-02-28;W. Europe;359687692;1745;1060;23;77
2020-02-29;Asia;3957174086;96985;82983;2860;39528
2020-02-29;C. Europe;64296279;200;0;0;0
2020-02-29;Carribean;21775009;;0;0;0
2020-02-29;Common Wealth;135529136;10460;69;0;25
2020-02-29;E. Europe;324658565;;16;0;2
2020-02-29;Israel;9166920;;7;0;1
2020-02-29;Latin America;575907654;;6;0;0
2020-02-29;Middle East, North Africa;532839714;;728;43;131
2020-02-29;Subsaharan Africa;798663011;;1;0;0
2020-02-29;USA;329379809;3931;24;1;7
2020-02-29;W. Europe;359687692;2702;1428;31;78
2020-03-01;Asia;3957174086;98921;84169;2898;42373
2020-03-01;C. Europe;64296279;211;3;0;0
2020-03-01;Carribean;21775009;;1;0;0
2020-03-01;Common Wealth;135529136;11750;88;1;25
2020-03-01;E. Europe;324658565;;23;0;2
2020-03-01;Israel;9166920;;10;0;1
2020-03-01;Latin America;575907654;;13;0;0
2020-03-01;Middle East, North Africa;532839714;;1134;54;183
2020-03-01;Subsaharan Africa;798663011;;1;0;0
2020-03-01;USA;329379809;4185;30;1;7
2020-03-01;W. Europe;359687692;3245;2148;36;115
2020-03-02;Asia;3957174086;111328;84998;2951;45077
2020-03-02;C. Europe;64296279;262;3;0;0
2020-03-02;Carribean;21775009;;1;0;0
2020-03-02;Common Wealth;135529136;13525;98;1;25
2020-03-02;E. Europe;324658565;;25;0;2
2020-03-02;Israel;9166920;;10;0;1
2020-03-02;Latin America;575907654;;13;0;0
2020-03-02;Middle East, North Africa;532839714;940;1684;66;299
2020-03-02;Subsaharan Africa;798663011;;2;0;0
2020-03-02;USA;329379809;4786;53;6;7
2020-03-02;W. Europe;359687692;29144;2669;55;181
2020-03-03;Asia;3957174086;125851;86004;2984;47688
2020-03-03;C. Europe;64296279;340;5;0;0
2020-03-03;Carribean;21775009;;1;0;0
2020-03-03;Common Wealth;135529136;13911;121;1;25
2020-03-03;E. Europe;324658565;;29;0;2
2020-03-03;Israel;9166920;;12;0;1
2020-03-03;Latin America;575907654;;16;0;1
2020-03-03;Middle East, North Africa;532839714;;2544;77;300
2020-03-03;Subsaharan Africa;798663011;;3;0;0
2020-03-03;USA;329379809;5586;73;7;7
2020-03-03;W. Europe;359687692;29353;3281;85;194
2020-03-04;Asia;3957174086;136707;86639;3027;50250
2020-03-04;C. Europe;64296279;407;11;0;0
2020-03-04;Carribean;21775009;;1;0;0
2020-03-04;Common Wealth;135529136;16659;174;2;25
2020-03-04;E. Europe;324658565;;36;0;3
2020-03-04;Israel;9166920;;15;0;1
2020-03-04;Latin America;575907654;;21;0;1
2020-03-04;Middle East, North Africa;532839714;;3148;94;562
2020-03-04;Subsaharan Africa;798663011;;5;0;0
2020-03-04;USA;329379809;6731;104;11;7
2020-03-04;W. Europe;359687692;33703;4215;114;311
2020-03-05;Asia;3957174086;146541;87301;3059;52541
2020-03-05;C. Europe;64296279;483;15;0;0
2020-03-05;Carribean;21775009;;1;0;0
2020-03-05;Common Wealth;135529136;18083;211;3;35
2020-03-05;E. Europe;324658565;;48;0;3
2020-03-05;Israel;9166920;;20;0;1
2020-03-05;Latin America;575907654;;27;0;1
2020-03-05;Middle East, North Africa;532839714;;3756;109;749
2020-03-05;Subsaharan Africa;798663011;;6;0;0
2020-03-05;USA;329379809;8251;172;12;7
2020-03-05;W. Europe;359687692;36669;5574;159;449
2020-03-06;Asia;3957174086;164740;88074;3095;54290
2020-03-06;C. Europe;64296279;594;26;0;0
2020-03-06;Carribean;21775009;;2;0;0
2020-03-06;Common Wealth;135529136;20338;277;4;35
2020-03-06;E. Europe;324658565;51000;76;0;3
2020-03-06;Israel;9166920;;37;0;2
2020-03-06;Latin America;575907654;;41;0;1
2020-03-06;Middle East, North Africa;532839714;;5023;127;927
2020-03-06;Subsaharan Africa;798663011;;8;0;0
2020-03-06;USA;329379809;9955;217;14;7
2020-03-06;W. Europe;359687692;42309;7262;214;560
2020-03-07;Asia;3957174086;178189;88669;3125;55916
2020-03-07;C. Europe;64296279;787;29;0;0
2020-03-07;Carribean;21775009;;2;0;0
2020-03-07;Common Wealth;135529136;21460;329;4;47
2020-03-07;E. Europe;324658565;;81;0;5
2020-03-07;Israel;9166920;;43;0;2
2020-03-07;Latin America;575907654;;47;0;1
2020-03-07;Middle East, North Africa;532839714;;6157;149;1685
2020-03-07;Subsaharan Africa;798663011;;8;0;0
2020-03-07;USA;329379809;11452;336;17;7
2020-03-07;W. Europe;359687692;48742;9356;257;655
2020-03-08;Asia;3957174086;188518;89085;3159;57751
2020-03-08;C. Europe;64296279;928;52;0;0
2020-03-08;Carribean;21775009;;5;0;0
2020-03-08;Common Wealth;135529136;23513;419;6;47
2020-03-08;E. Europe;324658565;;115;0;6
2020-03-08;Israel;9166920;;61;0;2
2020-03-08;Latin America;575907654;;74;1;1
2020-03-08;Middle East, North Africa;532839714;;6972;201;2151
2020-03-08;Subsaharan Africa;798663011;;11;0;1
2020-03-08;USA;329379809;12910;452;21;7
2020-03-08;W. Europe;359687692;57152;11785;408;688
2020-03-09;Asia;3957174086;196618;89340;3189;59169
2020-03-09;C. Europe;64296279;1193;59;0;0
2020-03-09;Carribean;21775009;;5;0;0
2020-03-09;Common Wealth;135529136;24960;495;8;47
2020-03-09;E. Europe;324658565;;123;0;7
2020-03-09;Israel;9166920;;61;0;2
2020-03-09;Latin America;575907654;;85;1;1
2020-03-09;Middle East, North Africa;532839714;;7591;244;2424
2020-03-09;Subsaharan Africa;798663011;;12;0;1
2020-03-09;USA;329379809;15622;517;22;7
2020-03-09;W. Europe;359687692;61709;14508;518;796
2020-03-10;Asia;3957174086;210144;89547;3206;60708
2020-03-10;C. Europe;64296279;1358;79;0;0
2020-03-10;Carribean;21775009;;5;0;0
2020-03-10;Common Wealth;135529136;26261;575;10;48
2020-03-10;E. Europe;324658565;1643;182;0;10
2020-03-10;Israel;9166920;;83;0;4
2020-03-10;Latin America;575907654;;108;1;4
2020-03-10;Middle East, North Africa;532839714;;8563;301;2782
2020-03-10;Subsaharan Africa;798663011;;17;0;1
2020-03-10;USA;329379809;18209;892;28;8
2020-03-10;W. Europe;359687692;69575;17775;710;799
2020-03-11;Asia;3957174086;222395;89969;3241;62251
2020-03-11;C. Europe;64296279;1816;145;0;0
2020-03-11;Carribean;21775009;;5;0;0
2020-03-11;Common Wealth;135529136;27476;700;12;48
2020-03-11;E. Europe;324658565;;264;2;16
2020-03-11;Israel;9166920;;109;0;4
2020-03-11;Latin America;575907654;;155;2;4
2020-03-11;Middle East, North Africa;532839714;;9876;366;3067
2020-03-11;Subsaharan Africa;798663011;;30;0;1
2020-03-11;USA;329379809;;1214;36;8
2020-03-11;W. Europe;359687692;79023;22624;949;1279
2020-03-12;Asia;3957174086;234998;90122;3260;63556
2020-03-12;C. Europe;64296279;2353;172;1;0
2020-03-12;Carribean;21775009;;8;0;0
2020-03-12;Common Wealth;135529136;29764;709;12;48
2020-03-12;E. Europe;324658565;;336;2;16
2020-03-12;Israel;9166920;;131;0;4
2020-03-12;Latin America;575907654;;190;3;4
2020-03-12;Middle East, North Africa;532839714;;11006;443;3078
2020-03-12;Subsaharan Africa;798663011;;35;0;1
2020-03-12;USA;329379809;;1596;40;12
2020-03-12;W. Europe;359687692;92593;23264;952;1280
2020-03-13;Asia;3957174086;248647;90462;3278;65030
2020-03-13;C. Europe;64296279;3094;260;2;0
2020-03-13;Carribean;21775009;;10;0;0
2020-03-13;Common Wealth;135529136;32771;1198;12;50
2020-03-13;E. Europe;324658565;;615;4;19
2020-03-13;Israel;9166920;;161;0;4
2020-03-13;Latin America;575907654;;357;4;4
2020-03-13;Middle East, North Africa;532839714;;12464;531;3098
2020-03-13;Subsaharan Africa;798663011;;62;1;1
2020-03-13;USA;329379809;;2112;47;12
2020-03-13;W. Europe;359687692;104955;36693;1518;1708
2020-03-14;Asia;3957174086;261335;90847;3304;66517
2020-03-14;C. Europe;64296279;4065;366;3;1
2020-03-14;Carribean;21775009;;17;0;0
2020-03-14;Common Wealth;135529136;37746;1599;25;50
2020-03-14;E. Europe;324658565;;818;6;26
2020-03-14;Israel;9166920;;193;0;4
2020-03-14;Latin America;575907654;;450;6;5
2020-03-14;Middle East, North Africa;532839714;;13989;630;3108
2020-03-14;Subsaharan Africa;798663011;;87;1;1
2020-03-14;USA;329379809;;2660;54;12
2020-03-14;W. Europe;359687692;117337;44262;1783;2575
2020-03-15;Asia;3957174086;;91356;3320;67890
2020-03-15;C. Europe;64296279;;458;4;1
2020-03-15;Carribean;21775009;;17;0;0
2020-03-15;Common Wealth;135529136;;1703;25;50
2020-03-15;E. Europe;324658565;;1001;6;31
2020-03-15;Israel;9166920;;251;0;4
2020-03-15;Latin America;575907654;;538;6;5
2020-03-15;Middle East, North Africa;532839714;;15349;744;4755
2020-03-15;Subsaharan Africa;798663011;;124;1;1
2020-03-15;USA;329379809;;3432;63;12
2020-03-15;W. Europe;359687692;;52400;2264;2960
2020-03-16;Asia;3957174086;;91768;3340;69442
2020-03-16;C. Europe;64296279;;577;5;17
2020-03-16;Carribean;21775009;;17;0;0
2020-03-16;Common Wealth;135529136;;2353;63;53
2020-03-16;E. Europe;324658565;;1199;6;34
2020-03-16;Israel;9166920;;255;0;4
2020-03-16;Latin America;575907654;;791;6;6
2020-03-16;Middle East, North Africa;532839714;;16538;874;4784
2020-03-16;Subsaharan Africa;798663011;;166;1;4
2020-03-16;USA;329379809;;4565;85;17
2020-03-16;W. Europe;359687692;;62474;2737;3402
2020-03-17;Asia;3957174086;;92359;3364;70625
2020-03-17;C. Europe;64296279;;756;6;18
2020-03-17;Carribean;21775009;;28;1;0
2020-03-17;Common Wealth;135529136;;2898;66;85
2020-03-17;E. Europe;324658565;;1443;7;47
2020-03-17;Israel;9166920;;337;0;11
2020-03-17;Latin America;575907654;;1126;7;11
2020-03-17;Middle East, North Africa;532839714;;17955;1014;5604
2020-03-17;Subsaharan Africa;798663011;;189;1;5
2020-03-17;USA;329379809;;6353;108;17
2020-03-17;W. Europe;359687692;;72860;3322;4092
